,Ulcerative Colitis,Mouth Neoplasms,Crohn Disease,Irritable Bowel Syndrome,Celiac Disease,Colorectal Neoplasms,Atherosclerosis,Peripheral Arterial Disease,Diarrhea,Coronary Artery Disease,Pancreatic Neoplasms,Gastroesophageal Reflux,Laryngeal Neoplasms,Inflammatory Bowel Diseases,Breast Neoplasms,Parkinson Disease,Esophageal Neoplasms,Uterine Cervical Neoplasms,Thrombosis,Head and Neck Neoplasms,Liver Neoplasms,Amyotrophic Lateral Sclerosis,Endometrial Neoplasms,Lung Neoplasms,Rectal Neoplasms,Hypertension,Gastroenteritis,Prostatic Neoplasms,Coronary Heart Disease,Stomach Neoplasms,Alzheimer Disease,Tongue Neoplasms,Urinary Bladder Neoplasms,Thyroid Neoplasms,Ovarian Neoplasms,Pharyngeal Neoplasms,Biliary Tract Neoplasms,Acute Lymphoblastic Leukemia,Gallbladder Neoplasms
Ulcerative Colitis,0.9999999999999979,0.3981954013762902,0.7250663099649245,0.4576276618858143,0.6918395285671017,0.628416986556232,0.4853626716970757,0.5904725671562584,0.2080125735844609,0.6793662204867562,0.6139406135149197,0.5442470958061204,0.4249729481848973,0.5783149319662405,0.6616048997131823,0.5578263284983567,0.5810872031479762,0.6350330021416853,0.6667580818412076,0.6076053350458485,0.6485931520784626,0.48137596806645144,0.4853626716970757,0.6614378277661463,0.5921369082129386,0.6248510114943766,0.59898498147845,0.6100702755324006,0.6903256692366886,0.6499423302067061,0.4821436570643767,0.3800584750330462,0.6167284823802289,0.5694162843474585,0.6499423302067061,0.48568209435205023,0.3599370165326781,0.09805806756909202,0.515860704175329
Mouth Neoplasms,0.3981954013762902,1.0000000000000007,0.42183074386605396,0.27724131203346875,0.40835453595439686,0.4154566800146476,0.21783245945486832,0.3287056215231421,0.19802950859533483,0.41577535720514247,0.4133080321161989,0.44787271685320945,0.5057217374241738,0.350982059081517,0.4670818205522205,0.40850368510283375,0.5106455218585035,0.41499190944441716,0.412975491301019,0.5658698866813394,0.4763305116224671,0.4328138441541124,0.3564531154716028,0.47746006149315967,0.4982870795835377,0.40297156375238297,0.359250023598695,0.5050360127190472,0.4275727436606033,0.4898436752557929,0.32204335891550545,0.5427277189404631,0.41795700381857265,0.5082079821805378,0.4898436752557929,0.5868579700744028,0.35337091141177945,0.14002800840280097,0.3683274044129046
Crohn Disease,0.7250663099649249,0.421830743866054,0.999999999999999,0.4776679460322483,0.6955929539048847,0.5633568070226714,0.413118223595458,0.605601743906193,0.19364916731037082,0.6625724621305169,0.6695271963607349,0.55819187659034,0.42859730770726184,0.5653009971610743,0.705886578756789,0.5725704143881551,0.5825752650035354,0.6312637926442592,0.6506321139100084,0.5984410751528567,0.6210590034081184,0.5145272509897015,0.4647580015448903,0.703731550548996,0.5610932020576875,0.6442535198266874,0.5799296577691119,0.6584863977663927,0.6658868340636985,0.6722926454528139,0.5212466913156834,0.3810317377662724,0.5936054449231611,0.6342240482425555,0.6470816712483333,0.47533236815417285,0.33508312663335643,0.09128709291752768,0.48024018015013165
Irritable Bowel Syndrome,0.4576276618858141,0.2772413120334687,0.47766794603224816,0.9999999999999998,0.4523292715616628,0.48672518781207985,0.35999999999999993,0.37527767497325687,0.15,0.4199125273342592,0.4174206511422262,0.47893687577117244,0.3405026123034994,0.41702882811414954,0.4074027632383621,0.4228827109661053,0.3545621041711674,0.3880752628531665,0.3475706678180955,0.34290034290051447,0.3073504281992881,0.2956991994052836,0.44,0.3564168444854523,0.3507467117649908,0.4263613931381281,0.3628247387441713,0.40804909636053666,0.4198321007328471,0.41660451513863656,0.37010962170074935,0.2529822128134703,0.33166247903554,0.32262365304697727,0.40358562404055415,0.2873684832428398,0.35688712648767745,0.0,0.3952419717289855
Celiac Disease,0.6918395285671016,0.40835453595439675,0.6955929539048844,0.45232927156166286,0.9999999999999987,0.6028723469220372,0.43902546945690807,0.54726795300783,0.2660760420950957,0.5974379912529245,0.6058125531528061,0.5663716814159291,0.4416729885981855,0.5548069001208447,0.6632375443841697,0.5831775262418274,0.578907499222472,0.5988936738549094,0.6011214796690219,0.5913545949112404,0.6044504143545607,0.5644325210301583,0.46563307366641765,0.6554701788066876,0.5173467542455653,0.6187884653909678,0.6091149326594665,0.6022358036208216,0.5984317698614214,0.6668228905501303,0.5222281234728328,0.4207031619116714,0.611715207241667,0.6047989012179619,0.6754829280897424,0.44204517809885163,0.3668874862588778,0.09407208683835973,0.49489138591769516
Colorectal Neoplasms,0.6284169865562319,0.4154566800146475,0.5633568070226709,0.4867251878120798,0.602872346922037,0.9999999999999989,0.4363743063142784,0.5087266622670846,0.2517544074890067,0.5677277881428114,0.5838193816777023,0.4912293197142526,0.38575365034016923,0.5599405094811337,0.6117938601978186,0.4327747412057588,0.5274606554080364,0.6383044313568307,0.5250146852226175,0.46893501195143616,0.5943437278215395,0.39919019411975076,0.6042105779736163,0.5806027214870002,0.5886802039940843,0.5448234934606322,0.5074595951382918,0.5992475911372498,0.5737705867235409,0.6118118000515048,0.432942374928648,0.44228741036189617,0.556649939306183,0.5291731582478132,0.6336622214819156,0.3918756954115018,0.4628528545997306,0.11867816581938533,0.4877642568991055
Atherosclerosis,0.48536267169707553,0.21783245945486826,0.4131182235954579,0.35999999999999993,0.43902546945690807,0.43637430631427837,0.9999999999999999,0.4763139720814415,0.19999999999999998,0.5248906591678238,0.39212242986087914,0.42572166735215333,0.2553769592276245,0.3127716210856121,0.45028726463187385,0.3609974361905778,0.45126085985421316,0.35702924182491313,0.45184186816352406,0.3683003683005525,0.42761798705987913,0.32141217326661253,0.38,0.45076247979042483,0.36599656879825126,0.4651215197870488,0.3109926332092896,0.4208006306218034,0.5157937237574977,0.3775478418443894,0.39254050786443107,0.2740640638812595,0.37688918072220456,0.395947210557654,0.41660451513863656,0.34125007385087225,0.25955427380921997,0.1414213562373095,0.2789943329851662
Peripheral Arterial Disease,0.590472567156259,0.3287056215231419,0.605601743906193,0.37527767497325676,0.5472679530078302,0.5087266622670847,0.47631397208144133,1.0000000000000002,0.21650635094610965,0.5892556509887897,0.5477225575051662,0.4800596079016054,0.36860489038724287,0.4363987174359134,0.6112471548327958,0.5136112757262944,0.5466594736091017,0.5377328579378651,0.6103713066577193,0.4949340131970674,0.5593496436125832,0.4731968821285686,0.44744645862196003,0.6052275326688025,0.4952536348081634,0.5524610608786538,0.4488792012484349,0.5613602575471367,0.5886618569047772,0.5355477949520157,0.5099250777375638,0.36514837167011077,0.5113531143698624,0.5503338836674923,0.6107123977522986,0.3629330931556489,0.2809757434745082,0.10206207261596577,0.3691358303677134
Diarrhea,0.2080125735844609,0.19802950859533483,0.19364916731037082,0.15,0.2660760420950957,0.2517544074890067,0.19999999999999998,0.21650635094610968,0.9999999999999998,0.20412414523193148,0.25298221281347033,0.19955703157132176,0.25537695922762454,0.26064301757134345,0.21442250696755893,0.20628424925175867,0.24174688920761406,0.23284515771189984,0.17378533390904768,0.22225022225033333,0.26726124191242434,0.1928473039599675,0.3,0.18344984642633566,0.19062321291575582,0.19380063324460367,0.259160527674408,0.19127301391900148,0.17992804317122013,0.22783059421644175,0.2243088616368177,0.21081851067789195,0.2638224265055431,0.29329423004270655,0.2603778219616477,0.22450662753346862,0.24333213169614376,0.35355339059327373,0.23249527748763854
Coronary Artery Disease,0.6793662204867564,0.41577535720514197,0.6625724621305167,0.41991252733425904,0.5974379912529245,0.5677277881428113,0.5248906591678237,0.5892556509887891,0.2041241452319315,0.9999999999999987,0.6418086688000856,0.5974379912529246,0.5163214062365659,0.4742714957084453,0.719059037088956,0.6255985699351279,0.5921565254637914,0.615617843366635,0.6621772777765623,0.6295778146577574,0.6702406628676901,0.5398599919695197,0.4665694748158432,0.7397602799117201,0.5336338340268768,0.7798850896702455,0.5340473948643669,0.5949476643375462,0.9724084693648624,0.6302000326653837,0.5886881312086669,0.39344592723376925,0.54511946005133,0.5815790732295562,0.6529783470990723,0.5237396965048328,0.3216721438586535,0.08247860988423225,0.46101959793692787
Pancreatic Neoplasms,0.6139406135149216,0.41330803211619865,0.6695271963607361,0.41742065114222604,0.6058125531528071,0.5838193816777031,0.39212242986087903,0.5477225575051663,0.25298221281347033,0.6418086688000871,1.0000000000000016,0.5469141104851728,0.4845437118523489,0.4615663313770509,0.6848441386570194,0.5544788620954265,0.5606119105813882,0.6283272879024849,0.5935220774123232,0.5542213369427248,0.6676718612355288,0.45534475178177547,0.4933153149862672,0.6895132858970687,0.5690465301610865,0.6741365543394859,0.5572855320023161,0.6048583789091345,0.652433187957359,0.724580533241505,0.5390884456202509,0.45333333333333337,0.5911468053322675,0.5935857865730158,0.6916450544578002,0.44301023071271056,0.3898717737923585,0.08944271909999159,0.4852416505819131
Gastroesophageal Reflux,0.5442470958061204,0.44787271685320934,0.5581918765903399,0.4789368757711724,0.5663716814159291,0.4912293197142529,0.4257216673521533,0.4800596079016055,0.1995570315713218,0.5974379912529248,0.5469141104851726,0.9999999999999992,0.49829773072615796,0.4577156925996968,0.5919216793966249,0.6243429986824273,0.5789074992224722,0.4646588848874302,0.5471746802115458,0.5575629037734553,0.5511165542644526,0.5045684657693841,0.4124178652473985,0.6206047437637789,0.4666264842214905,0.6058970390286562,0.5056803214531422,0.5004494706144859,0.6064108601262406,0.5802225151540098,0.5296885252367307,0.4207031619116714,0.47132155312062896,0.5365151543062566,0.5542424025351735,0.4778866790257856,0.2805610189038477,0.09407208683835973,0.4175646068680553
Laryngeal Neoplasms,0.42497294818489717,0.5057217374241737,0.4285973077072616,0.3405026123034993,0.44167298859818543,0.3857536503401691,0.25537695922762454,0.3686048903872429,0.25537695922762454,0.5163214062365661,0.484543711852349,0.498297730726158,0.9999999999999996,0.35499851344683736,0.501953538343944,0.47412219879420753,0.452734960102905,0.46249224270154643,0.4438077013205,0.5621703750837337,0.546018906231948,0.49248758080541954,0.3405026123034993,0.4997212154787446,0.45435391374450734,0.4784247586724847,0.4265167106155983,0.4884672067693771,0.5207607341748869,0.49870872317158055,0.3818887667508033,0.44865158504847125,0.3593289016375418,0.586721277580625,0.5097911392420602,0.6421387824985966,0.30380249716635904,0.1203858530857692,0.39582624666383953
Inflammatory Bowel Diseases,0.5783149319662404,0.350982059081517,0.5653009971610738,0.4170288281141496,0.5548069001208445,0.5599405094811336,0.3127716210856122,0.4363987174359135,0.26064301757134345,0.47427149570844573,0.461566331377051,0.45771569259969674,0.35499851344683747,1.0000000000000002,0.4582793798601434,0.31184598537402175,0.5376822501679598,0.566435002307113,0.4348409648610981,0.45018307013251974,0.4876184360034338,0.2948839123097943,0.4587317109255646,0.4480941219126736,0.4769722505616701,0.4142048112201081,0.5223741538892646,0.42542059117068065,0.47522281292758506,0.5022058930630605,0.32740141596407357,0.3736489349242794,0.5186730561060935,0.39751448440389314,0.5157790253080081,0.3370526488229123,0.43973155946963,0.14744195615489714,0.5332647821200917
Breast Neoplasms,0.661604899713183,0.4670818205522205,0.7058865787567894,0.40740276323836205,0.6632375443841704,0.6117938601978195,0.4502872646318739,0.611247154832796,0.21442250696755893,0.7190590370889565,0.6848441386570183,0.5919216793966255,0.5019535383439443,0.4582793798601436,0.9999999999999996,0.6745377845553638,0.570195714390559,0.649054151873949,0.6707427654775019,0.5990970835647428,0.7020086124500344,0.5375604309014045,0.4824506406770078,0.7754767263356717,0.6458077337537927,0.7739659283998808,0.5371752171594933,0.7245672251556379,0.7073114049932366,0.7258012494689999,0.6072229641459731,0.41813916056616646,0.6303454792393552,0.6288888408487711,0.7188223913010287,0.47176488428427205,0.33044727612563324,0.07580980435789034,0.43620692724890525
Parkinson Disease,0.5578263284983582,0.4085036851028335,0.5725704143881559,0.42288271096610525,0.5831775262418284,0.43277474120575926,0.3609974361905776,0.5136112757262945,0.20628424925175867,0.6255985699351289,0.5544788620954262,0.6243429986824278,0.4741221987942078,0.31184598537402153,0.6745377845553646,1.000000000000001,0.49868575549140787,0.5043390297803197,0.5676119713262404,0.5960073631583055,0.5444263733397219,0.6961738230581335,0.3506832237279896,0.7136073467991055,0.4875998229419324,0.6996153173341242,0.4544162465395417,0.6115774562152378,0.6124193015310678,0.5908302787768329,0.7519100082530982,0.40226897838295606,0.5053509610265375,0.5596433155016495,0.5975442592174788,0.4816466835729725,0.23424606849358903,0.07293249574894728,0.3477108248405969
Esophageal Neoplasms,0.5810872031479761,0.510645521858503,0.582575265003535,0.3545621041711672,0.5789074992224719,0.5274606554080361,0.45126085985421277,0.5466594736091015,0.24174688920761409,0.5921565254637918,0.5606119105813878,0.5789074992224719,0.45273496010290465,0.5376822501679595,0.5701957143905584,0.4986857554914073,0.9999999999999994,0.5378783287528992,0.504144766349025,0.5423999794857338,0.6137909514618756,0.46620235824397327,0.46737731913472036,0.5913123959890823,0.5529908247977355,0.5387830524535093,0.5290550115747316,0.5343249149828287,0.599292616112679,0.6609280490177641,0.4789960641145491,0.44169423257927537,0.546670722093595,0.567223741882933,0.5665097563009406,0.44866323818505693,0.36602088993120135,0.11396057645963795,0.44964008070478106
Uterine Cervical Neoplasms,0.6350330021416862,0.41499190944441705,0.6312637926442596,0.3880752628531665,0.5988936738549101,0.6383044313568313,0.3570292418249132,0.5377328579378653,0.23284515771189981,0.6156178433666359,0.6283272879024847,0.46465888488743023,0.46249224270154643,0.5664350023071131,0.649054151873949,0.5043390297803196,0.5378783287528996,1.0000000000000004,0.6024799829552258,0.5421416843478292,0.622304860233767,0.42907847086878964,0.5588283785085598,0.6020838520626539,0.5681368585589536,0.5715901608250739,0.4961640301654955,0.6136208212675601,0.6051553962855021,0.6264863885331892,0.47876796242001435,0.45815531409556176,0.6318491092212274,0.5691011770857023,0.7073233418923103,0.4600224736394961,0.4532696686492912,0.10976425998969035,0.4691734628003032
Thrombosis,0.666758081841208,0.4129754913010186,0.6506321139100083,0.3475706678180954,0.601121479669022,0.5250146852226175,0.4518418681635239,0.6103713066577189,0.17378533390904768,0.6621772777765625,0.593522077412322,0.5471746802115457,0.4438077013204998,0.4348409648610979,0.6707427654775016,0.5676119713262395,0.5041447663490249,0.6024799829552251,0.9999999999999993,0.5664828265819685,0.6812092344448952,0.5287769668804713,0.4402561792362541,0.698343366462455,0.547708309295351,0.7241137168442636,0.5604766077610556,0.6352618299747794,0.6601202735334759,0.5957896486395206,0.5067606754380654,0.32973448745129036,0.576380746642938,0.5606725927172564,0.6485811364936553,0.5202127897426403,0.3195059768353112,0.08192319205190406,0.417510784114815
Head and Neck Neoplasms,0.6076053350458498,0.5658698866813385,0.5984410751528574,0.3429003429005142,0.5913545949112411,0.46893501195143594,0.3683003683005523,0.4949340131970672,0.22225022225033336,0.6295778146577587,0.5542213369427245,0.5575629037734557,0.5621703750837335,0.4501830701325194,0.5990970835647433,0.5960073631583055,0.5423999794857342,0.5421416843478288,0.5664828265819694,1.000000000000001,0.5939887041393646,0.6122908023640055,0.36830036830055224,0.698944613829303,0.4938671138895008,0.6091644496108554,0.46078787899320656,0.574903497072997,0.6398247613419407,0.5952242962289209,0.5127705704725921,0.5354795526016657,0.5265147119838948,0.6518470781173197,0.6448263209146644,0.6272721446009695,0.28842997520061514,0.08980265101338746,0.3986135518663073
Liver Neoplasms,0.6485931520784642,0.47633051162246653,0.6210590034081193,0.30735042819928793,0.6044504143545616,0.5943437278215399,0.42761798705987886,0.5593496436125833,0.26726124191242434,0.6702406628676915,0.6676718612355285,0.5511165542644529,0.5460189062319478,0.48761843600343346,0.7020086124500354,0.5444263733397219,0.613790951461876,0.6223048602337669,0.6812092344448962,0.5939887041393647,1.0000000000000009,0.4466852862836321,0.5211594217292272,0.6864064729836447,0.611354359454417,0.6603913235356805,0.5771963706745125,0.6815981765909975,0.6812437238648458,0.7393820631791731,0.46460525323088997,0.4225771273642581,0.5640760748177662,0.6270894413356966,0.7306834506711828,0.4920157447557521,0.41187723552395683,0.0944911182523068,0.5126300569509897
Amyotrophic Lateral Sclerosis,0.4813759680664515,0.4328138441541119,0.5145272509897012,0.29569919940528344,0.5644325210301581,0.3991901941197505,0.3214121732666124,0.4731968821285684,0.19284730395996746,0.5398599919695201,0.4553447517817752,0.5045684657693837,0.4924875808054192,0.29488391230979416,0.5375604309014039,0.6961738230581328,0.4662023582439732,0.42907847086878936,0.5287769668804715,0.612290802364005,0.446685286283632,0.9999999999999996,0.26998622554395446,0.633431234237668,0.4313310928137535,0.5606089444043438,0.3887209593155165,0.450834817333716,0.5243349747112546,0.4853938894372976,0.6056030290938553,0.4065578140908707,0.4167104910586929,0.5844636824844213,0.5523447707389938,0.5195459740916882,0.2085597580641471,0.0,0.2839618871637989
Endometrial Neoplasms,0.48536267169707553,0.3564531154716027,0.46475800154489005,0.44,0.4656330736664176,0.6042105779736162,0.38,0.44744645862196014,0.29999999999999993,0.4665694748158434,0.4933153149862672,0.4124178652473985,0.3405026123034994,0.4587317109255646,0.48245064067700766,0.35068322372798993,0.46737731913472075,0.5588283785085597,0.4402561792362542,0.3683003683005526,0.5211594217292276,0.2699862255439545,0.9999999999999998,0.46124532815764396,0.4422458539645537,0.42636139313812815,0.43193421279068017,0.5100613704506707,0.46781291224517235,0.4947178617271307,0.3813250647825902,0.3373096170846271,0.48241815132442184,0.4546060565661953,0.5207556439232954,0.3053290134455173,0.4866642633922874,0.1414213562373095,0.46499055497527714
Lung Neoplasms,0.6614378277661463,0.4774600614931587,0.7037315505489956,0.35641684448545213,0.6554701788066875,0.5806027214869999,0.4507624797904246,0.6052275326688018,0.1834498464263357,0.7397602799117197,0.6895132858970667,0.6206047437637787,0.4997212154787443,0.44809412191267317,0.7754767263356708,0.7136073467991041,0.5913123959890817,0.6020838520626528,0.6983433664624544,0.6989446138293013,0.686406472983643,0.6334312342376676,0.4612453281576438,0.9999999999999984,0.5994822708804008,0.772001407674209,0.5524039045904632,0.6616783805457849,0.7418889681392501,0.6891990595172124,0.6407553511297283,0.4530455884900602,0.5847290756479371,0.6764029669139577,0.709670318710793,0.5365909169221558,0.32310308632943197,0.07412493166611012,0.42651222949955586
Rectal Neoplasms,0.5921369082129385,0.498287079583537,0.561093202057687,0.3507467117649905,0.5173467542455651,0.5886802039940839,0.365996568798251,0.4952536348081632,0.1906232129157558,0.533633834026877,0.569046530161086,0.46662648422149006,0.4543539137445069,0.4769722505616697,0.6458077337537923,0.4875998229419317,0.5529908247977354,0.5681368585589529,0.547708309295351,0.49386711388950066,0.6113543594544163,0.43133109281375337,0.44224585396455324,0.5994822708804013,0.9999999999999992,0.5541434906129157,0.48743318946955105,0.57365426959517,0.5396291304782997,0.6353159295274997,0.44468814926313327,0.4340185399533707,0.5977406368332133,0.5143599338356201,0.6452427409263669,0.4108432767485823,0.4700321611955285,0.10783277320343841,0.531827961389206
Hypertension,0.6248510114943789,0.40297156375238236,0.6442535198266884,0.42636139313812793,0.6187884653909689,0.5448234934606324,0.46512151978704863,0.5524610608786534,0.19380063324460367,0.7798850896702471,0.6741365543394854,0.6058970390286568,0.4784247586724845,0.4142048112201077,0.7739659283998818,0.6996153173341241,0.5387830524535093,0.5715901608250733,0.724113716844265,0.6091644496108551,0.6603913235356802,0.560608944404344,0.42636139313812793,0.7720014076742111,0.5541434906129157,1.000000000000001,0.5106256561489433,0.648704546351862,0.7613320167268133,0.6559980281272345,0.6520679914138717,0.3779250380388021,0.5770267589073242,0.575511151031308,0.6749210481693664,0.49600860305300093,0.28294752726883166,0.06851887098275317,0.38299072202961554
Gastroenteritis,0.5989849814784498,0.3592500235986949,0.5799296577691113,0.36282473874417126,0.6091149326594661,0.5074595951382913,0.3109926332092897,0.4488792012484347,0.25916052767440806,0.5340473948643669,0.5572855320023158,0.5056803214531419,0.42651671061559815,0.5223741538892643,0.5371752171594925,0.45441624653954144,0.5290550115747316,0.496164030165495,0.5604766077610557,0.4607878789932066,0.5771963706745122,0.3887209593155165,0.43193421279067995,0.5524039045904635,0.48743318946955116,0.5106256561489432,0.9999999999999994,0.49570415217122793,0.5388384052904904,0.6073168836086429,0.34879201766306056,0.3278150188248919,0.5730254871776852,0.48139848700427107,0.5510838388300648,0.35685730382224984,0.4204138910034079,0.12216944435630522,0.5422823891595389
Prostatic Neoplasms,0.6100702755324005,0.5050360127190467,0.6584863977663923,0.4080490963605365,0.6022358036208214,0.59924759113725,0.4208006306218033,0.5613602575471364,0.19127301391900145,0.5949476643375461,0.6048583789091333,0.5004494706144857,0.4884672067693771,0.42542059117068054,0.7245672251556369,0.6115774562152366,0.5343249149828289,0.6136208212675597,0.6352618299747791,0.574903497072996,0.681598176590996,0.4508348173337161,0.5100613704506707,0.6616783805457849,0.5736542695951701,0.6487045463518608,0.4957041521712282,0.9999999999999987,0.5965332378357291,0.6640433435235931,0.5649057215178561,0.3897976219636641,0.6439926502911132,0.5890423491258748,0.6723438853176379,0.4580486324599171,0.33097152151364845,0.09016696346674323,0.4595240819522838
Coronary Heart Disease,0.6903256692366886,0.42757274366060316,0.6658868340636984,0.4198321007328471,0.5984317698614215,0.5737705867235413,0.5157937237574979,0.588661856904777,0.1799280431712201,0.9724084693648625,0.6524331879573576,0.6064108601262408,0.520760734174887,0.4752228129275851,0.7073114049932361,0.6124193015310667,0.5992926161126791,0.6051553962855015,0.6601202735334758,0.6398247613419393,0.6812437238648446,0.5243349747112547,0.4678129122451725,0.7418889681392501,0.5396291304783,0.7613320167268118,0.538838405290491,0.5965332378357294,0.9999999999999987,0.6402733838734956,0.5583057878071592,0.40460972896580366,0.5425034622380047,0.5804904257349325,0.6480815958719529,0.53860050894756,0.3307994057978086,0.08481889296799709,0.4601566235739072
Stomach Neoplasms,0.6499423302067077,0.4898436752557923,0.6722926454528148,0.41660451513863633,0.6668228905501313,0.6118118000515054,0.37754784184438916,0.5355477949520155,0.22783059421644175,0.6302000326653849,0.7245805332415046,0.5802225151540101,0.49870872317158044,0.5022058930630602,0.7258012494690008,0.5908302787768329,0.6609280490177644,0.6264863885331889,0.5957896486395214,0.5952242962289209,0.7393820631791728,0.4853938894372978,0.49471786172713056,0.689199059517214,0.6353159295275,0.6559980281272347,0.6073168836086431,0.6640433435235943,0.6402733838734966,1.000000000000001,0.5183448439522594,0.3979703686364322,0.6378682959828235,0.6204844166010622,0.737288135593221,0.4676523735449555,0.4012691729407362,0.09205746178983235,0.529695372225252
Alzheimer Disease,0.4821436570643773,0.32204335891550556,0.5212466913156837,0.37010962170074946,0.5222281234728334,0.43294237492864857,0.39254050786443123,0.5099250777375642,0.2243088616368177,0.5886881312086675,0.5390884456202509,0.529688525236731,0.3818887667508034,0.32740141596407374,0.607222964145973,0.7519100082530982,0.47899606411454976,0.47876796242001457,0.506760675438066,0.5127705704725926,0.4646052532308904,0.6056030290938561,0.38132506478259043,0.6407553511297291,0.4446881492631339,0.6520679914138722,0.34879201766306106,0.5649057215178569,0.5583057878071597,0.5183448439522598,1.0000000000000007,0.3664855661014864,0.49878354023708077,0.5016372733496396,0.5475473703721053,0.3625835475740647,0.23652006499516298,0.07930515857181442,0.2998668184178327
Tongue Neoplasms,0.380058475033046,0.5427277189404628,0.38103173776627214,0.25298221281347033,0.4207031619116713,0.442287410361896,0.27406406388125953,0.36514837167011077,0.21081851067789195,0.3934459272337694,0.4533333333333334,0.4207031619116713,0.44865158504847125,0.3736489349242793,0.41813916056616657,0.4022689783829563,0.4416942325792754,0.4581553140955616,0.3297344874512903,0.5354795526016662,0.42257712736425834,0.4065578140908709,0.33730961708462714,0.4530455884900608,0.43401853995337086,0.37792503803880245,0.32781501882489184,0.38979762196366413,0.4046097289658036,0.39797036863643215,0.36648556610148614,1.0000000000000007,0.36549399254414366,0.4637388957601683,0.4391397171160632,0.5300977119639272,0.3077935056255462,0.14907119849998599,0.3431001569771103
Urinary Bladder Neoplasms,0.6167284823802287,0.41795700381857215,0.5936054449231606,0.33166247903553986,0.6117152072416666,0.5566499393061826,0.3768891807222044,0.511353114369862,0.2638224265055431,0.5451194600513299,0.5911468053322667,0.47132155312062846,0.35932890163754155,0.518673056106093,0.6303454792393544,0.5053509610265369,0.5466707220935948,0.6318491092212266,0.5763807466429378,0.5265147119838944,0.5640760748177656,0.4167104910586928,0.4824181513244214,0.5847290756479372,0.5977406368332131,0.577026758907324,0.5730254871776851,0.643992650291113,0.5425034622380042,0.6378682959828228,0.4987835402370799,0.3654939925441436,0.999999999999999,0.5195352837353232,0.6673083711820299,0.4332242888591055,0.3668369910333888,0.10660035817780521,0.5082247369937662
Thyroid Neoplasms,0.5694162843474592,0.5082079821805372,0.6342240482425558,0.32262365304697727,0.6047989012179622,0.5291731582478129,0.39594721055765386,0.5503338836674921,0.2932942300427066,0.5815790732295569,0.5935857865730155,0.5365151543062566,0.5867212775806245,0.39751448440389303,0.6288888408487713,0.5596433155016494,0.5672237418829332,0.569101177085702,0.5606725927172571,0.6518470781173198,0.6270894413356966,0.5844636824844216,0.45460605656619507,0.6764029669139592,0.5143599338356203,0.5755111510313085,0.48139848700427107,0.5890423491258753,0.5804904257349329,0.6204844166010623,0.5016372733496393,0.4637388957601682,0.5195352837353234,1.0000000000000007,0.6204844166010623,0.5794491864648376,0.3092609442453743,0.10369516947304253,0.40913714039581417
Ovarian Neoplasms,0.6499423302067077,0.4898436752557923,0.6470816712483343,0.4035856240405539,0.6754829280897435,0.6336622214819162,0.41660451513863633,0.6107123977522986,0.2603778219616477,0.6529783470990735,0.6916450544577999,0.5542424025351739,0.50979113924206,0.5157790253080078,0.7188223913010297,0.5975442592174787,0.5665097563009409,0.7073233418923102,0.6485811364936563,0.6448263209146644,0.7306834506711826,0.552344770738994,0.5207556439232953,0.7096703187107947,0.6452427409263674,0.6749210481693665,0.5510838388300648,0.6723438853176392,0.648081595871954,0.737288135593221,0.5475473703721052,0.43913971711606303,0.6673083711820308,0.6204844166010621,1.000000000000001,0.47934368288357937,0.3801497427859606,0.09205746178983235,0.514561218733102
Pharyngeal Neoplasms,0.48568209435205023,0.5868579700744027,0.4753323681541727,0.2873684832428399,0.4420451780988517,0.39187569541150186,0.3412500738508724,0.36293309315564903,0.22450662753346862,0.5237396965048334,0.4430102307127108,0.47788667902578563,0.6421387824985967,0.3370526488229123,0.471764884284272,0.4816466835729725,0.4486632381850573,0.4600224736394961,0.5202127897426408,0.6272721446009699,0.49201574475575255,0.5195459740916887,0.30532901344551744,0.5365909169221565,0.41084327674858273,0.49600860305300143,0.35685730382224995,0.45804863245991734,0.53860050894756,0.4676523735449559,0.3625835475740646,0.5300977119639274,0.433224288859106,0.5794491864648381,0.4793436828835798,1.0000000000000004,0.26222244603662925,0.1270001270001905,0.29230169173076326
Biliary Tract Neoplasms,0.35993701653267796,0.35337091141177945,0.33508312663335627,0.35688712648767756,0.36688748625887757,0.4628528545997304,0.2595542738092201,0.28097574347450816,0.24333213169614373,0.3216721438586534,0.38987177379235843,0.2805610189038476,0.3038024971663591,0.43973155946962983,0.33044727612563324,0.23424606849358906,0.36602088993120135,0.45326966864929097,0.3195059768353111,0.28842997520061514,0.41187723552395683,0.20855975806414706,0.48666426339228747,0.3231030863294319,0.4700321611955286,0.2829475272688317,0.4204138910034077,0.3309715215136484,0.3307994057978085,0.401269172940736,0.23652006499516293,0.30779350562554625,0.36683699103338874,0.30926094424537415,0.3801497427859604,0.26222244603662925,0.9999999999999996,0.22941573387056174,0.6034514291237711
Acute Lymphoblastic Leukemia,0.09805806756909202,0.14002800840280097,0.09128709291752768,0.0,0.09407208683835973,0.11867816581938533,0.1414213562373095,0.10206207261596577,0.35355339059327373,0.08247860988423225,0.08944271909999159,0.09407208683835973,0.1203858530857692,0.14744195615489714,0.07580980435789034,0.07293249574894728,0.11396057645963795,0.10976425998969035,0.08192319205190406,0.08980265101338746,0.0944911182523068,0.0,0.1414213562373095,0.07412493166611012,0.10783277320343841,0.06851887098275317,0.12216944435630522,0.09016696346674323,0.08481889296799709,0.09205746178983235,0.07930515857181442,0.14907119849998599,0.10660035817780521,0.10369516947304253,0.09205746178983235,0.1270001270001905,0.22941573387056174,1.0,0.1643989873053573
Gallbladder Neoplasms,0.5158607041753288,0.3683274044129046,0.48024018015013137,0.39524197172898556,0.49489138591769505,0.48776425689910546,0.2789943329851663,0.3691358303677134,0.23249527748763854,0.46101959793692815,0.48524165058191315,0.41756460686805513,0.3958262466638396,0.5332647821200915,0.4362069272489052,0.34771082484059707,0.44964008070478123,0.46917346280030303,0.417510784114815,0.3986135518663075,0.51263005695099,0.28396188716379894,0.46499055497527714,0.426512229499556,0.5318279613892063,0.38299072202961576,0.542282389159539,0.45952408195228384,0.4601566235739071,0.5296953722252521,0.2998668184178325,0.3431001569771103,0.5082247369937667,0.40913714039581417,0.5145612187331021,0.29230169173076315,0.6034514291237714,0.1643989873053573,1.0000000000000007
